{"cameraMode":{"drawMode":0,"name":"Shaded","section":"Shading Mode"},"sceneLighting":false,"audioPlay":false,"sceneViewState":{"m_AlwaysRefresh":false,"showFog":true,"showSkybox":true,"showFlares":true,"showImageEffects":true,"showParticleSystems":true,"showVisualEffectGraphs":true,"m_FxEnabled":true},"in2DMode":false,"pivot":{"x":-1.3557606935501099,"y":1.4565353393554688,"z":-1.5595639944076539},"rotation":{"x":-0.13270537555217744,"y":-0.10180418193340302,"z":0.013704086653888226,"w":-0.9858216643333435},"size":11.747164726257325,"orthographic":false}